{"A-A": 0.5470554662549612, "A-U": 0.7722368874390322, "U-A": 0.27274844191431374, "A-C": 0.7657718319442695, "C-A": 0.2777381562201163, "A-G": 0.5422063399652962, "G-U": 0.7762320695815688, "U-U": 0.5164280783727266, "U-C": 0.5082728495378227, "C-U": 0.5229066443373507, "U-G": 0.2686105784227347, "G-C": 0.7698004475247754, "C-G": 0.27364915269837153, "C-C": 0.5147964714538514, "G-A": 0.5523359629418022, "G-G": 0.5477505960608738}